<?xml version="1.0" encoding="UTF-8"?>

<beans xmlns="http://www.springframework.org/schema/beans"
	xmlns:xsi="http://www.w3.org/2001/XMLSchema-instance"
	xmlns:context="http://www.springframework.org/schema/context"
	xsi:schemaLocation="http://www.springframework.org/schema/beans
    http://www.springframework.org/schema/beans/spring-beans.xsd
    http://www.springframework.org/schema/context
    http://www.springframework.org/schema/context/spring-context.xsd">

	<bean id="randomProduct" class="com.car.services.RandomAccessory">
	</bean>
	
	<!--  1. Constructor Injection  -->
	<bean id="xuv700" class="com.car.services.XUV700">
		<constructor-arg ref="randomProduct" />
	</bean>

	<!--  2. Getter-Setter Injection  -->
	<bean id="xuv300" class="com.car.services.XUV300">
		
		<property name="accessory" ref="randomProduct"></property>
		
		<!-- Direct Literal -->
		<property name="finalPrice" value="1249999"></property>
	</bean>

	<context:property-placeholder location="classpath:thar.properties"/>
	<!-- 2. Getter-Setter Injection -->
	<bean id="thar" class="com.car.services.Thar">
		
		<property name="accessory" ref="randomProduct"></property>
		
		<!-- InDirect Literal -->
		<property name="finalPrice" value="${thar.price}"></property>
	</bean>
	
</beans>